  -- bookvault_catalog — catégories + livres (titres : dont « Recherche opérationnelle… » du dossier books + titres complémentaires)

DELETE FROM catalog_book_categories;
DELETE FROM catalog_books;
DELETE FROM catalog_categories;

INSERT INTO catalog_categories (id, name, slug, description, parent_id, display_order, icon_url, book_count_cache)
VALUES
  ('e0000001-0000-4000-8000-000000000001'::uuid,
   'Sciences & gestion', 'sciences-gestion',
   'Mathématiques appliquées, RO, économie.', NULL, 10, NULL, 0),
  ('e0000002-0000-4000-8000-000000000002'::uuid,
   'Informatique & données', 'informatique-donnees',
   'Programmation, data science, numérique.', NULL, 20, NULL, 0),
  ('e0000003-0000-4000-8000-000000000003'::uuid,
   'Histoire & société', 'histoire-societe',
   'Essais, société civile, Afrique centrale.', NULL, 30, NULL, 0),
  ('e0000004-0000-4000-8000-000000000004'::uuid,
   'Littérature', 'litterature',
   'Contes, anthologies, fiction.', NULL, 40, NULL, 0),
  ('e0000005-0000-4000-8000-000000000005'::uuid,
   'Scolaire (APC)', 'scolaire-apc',
   'Manuels APC (collège / lycée) — contenus d’apprentissage et exercices.', NULL, 50, NULL, 0);

INSERT INTO catalog_books (
  id, isbn, title, description, price, language, format, status,
  author_user_id, cover_url, view_count, average_rating, review_count,
  deleted, published_at, created_at, updated_at
) VALUES
  ('f0000001-0000-4000-8000-000000000001'::uuid,
   '9782372510012',
   'Recherche opérationnelle : méthodes d''optimisation en gestion',
   'Introduction aux modèles linéaires, transport et files d''attente — ouvrage de référence pour les masters en gestion (aligné sur le PDF « Recherche opérationnelle » du corpus BookVault).',
   45.00, 'fr', 'EBOOK', 'PUBLISHED',
   '20000000-0000-4000-a000-000000000001'::uuid,
   NULL, 12450, 4.50, 2, false,
   NOW() - INTERVAL '30 days', NOW() - INTERVAL '35 days', NOW()),
  ('f0000002-0000-4000-8000-000000000002'::uuid,
   '9782372510029',
   'La programmation fonctionnelle avec Haskell',
   'Fonctions pures, types algébriques et patterns de programmation — support structuré pour progresser rapidement.',
   24.00, 'fr', 'EBOOK', 'PUBLISHED',
   '20000000-0000-4000-a000-000000000002'::uuid,
   NULL, 8230, 4.70, 6, false,
   NOW() - INTERVAL '120 days', NOW() - INTERVAL '140 days', NOW()),
  ('f0000003-0000-4000-8000-000000000003'::uuid,
   '9782372510036',
   'Systèmes d''exploitation : principes et pratique (5e édition)',
   'Processus, mémoire, fichiers et sécurité — un classique pour comprendre les OS modernes.',
   29.00, 'fr', 'EBOOK', 'PUBLISHED',
   '20000000-0000-4000-a000-000000000004'::uuid,
   NULL, 5120, 4.60, 9, false,
   NOW() - INTERVAL '200 days', NOW() - INTERVAL '230 days', NOW()),
  ('f0000004-0000-4000-8000-000000000004'::uuid,
   '9782372510043',
   'Machine Learning Systems',
   'Du prototypage au déploiement : données, pipelines, monitoring, dérive et fiabilité en production.',
   35.00, 'fr', 'EBOOK', 'PUBLISHED',
   '20000000-0000-4000-a000-000000000005'::uuid,
   NULL, 3900, 4.40, 3, false,
   NOW() - INTERVAL '45 days', NOW() - INTERVAL '55 days', NOW()),
  ('f0000005-0000-4000-8000-000000000005'::uuid,
   '9782372510050',
   'APC Informatique 4ème : cours & exercices',
   'Programmation, algorithmique, réseaux — manuel APC pour le collège (4ème) avec séries d’exercices.',
   9.50, 'fr', 'EBOOK', 'PUBLISHED',
   '20000000-0000-4000-a000-000000000006'::uuid,
   NULL, 18900, 4.30, 12, false,
   NOW() - INTERVAL '75 days', NOW() - INTERVAL '100 days', NOW()),
  ('f0000006-0000-4000-8000-000000000006'::uuid,
   '9782372510067',
   'APC 1ère A : cours & exercices',
   'Manuel APC (1ère A) — fiches de cours, exercices corrigés et devoirs types.',
   8.50, 'fr', 'EBOOK', 'PUBLISHED',
   '20000000-0000-4000-a000-000000000006'::uuid,
   NULL, 6800, 4.10, 7, false,
   NOW() - INTERVAL '50 days', NOW() - INTERVAL '60 days', NOW()),
  ('f0000007-0000-4000-8000-000000000007'::uuid,
   '9782372510074',
   'APC 1ère CD : cours & exercices',
   'Manuel APC (1ère CD) — séquences, activités, devoirs et annales.',
   8.50, 'fr', 'EBOOK', 'PUBLISHED',
   '20000000-0000-4000-a000-000000000006'::uuid,
   NULL, 7200, 4.00, 5, false,
   NOW() - INTERVAL '48 days', NOW() - INTERVAL '60 days', NOW()),
  ('f0000008-0000-4000-8000-000000000008'::uuid,
   '9782372510081',
   'APC 2nde A : cours & exercices',
   'Manuel APC (2nde A) — évaluations formatives, synthèses et exercices d’entraînement.',
   8.00, 'fr', 'EBOOK', 'PUBLISHED',
   '20000000-0000-4000-a000-000000000006'::uuid,
   NULL, 6100, 4.05, 6, false,
   NOW() - INTERVAL '65 days', NOW() - INTERVAL '80 days', NOW()),
  ('f0000009-0000-4000-8000-000000000009'::uuid,
   '9782372510098',
   'APC 2nde C : cours & exercices (tome 1)',
   'Manuel APC (2nde C) — progression annuelle, activités guidées et exercices gradués.',
   8.00, 'fr', 'EBOOK', 'PUBLISHED',
   '20000000-0000-4000-a000-000000000006'::uuid,
   NULL, 5900, 4.00, 4, false,
   NOW() - INTERVAL '62 days', NOW() - INTERVAL '80 days', NOW()),
  ('f000000a-0000-4000-8000-00000000000a'::uuid,
   '9782372510104',
   'APC 3ème : cours & exercices',
   'Manuel APC (3ème) — révisions, exercices, devoirs surveillés et méthodologie.',
   7.50, 'fr', 'EBOOK', 'PUBLISHED',
   '20000000-0000-4000-a000-000000000006'::uuid,
   NULL, 9100, 4.20, 9, false,
   NOW() - INTERVAL '95 days', NOW() - INTERVAL '120 days', NOW()),
  ('f000000b-0000-4000-8000-00000000000b'::uuid,
   '9782372510111',
   'APC Terminale A : cours & exercices',
   'Manuel APC (Tle A) — synthèses, annales et entraînements examen.',
   9.00, 'fr', 'EBOOK', 'PUBLISHED',
   '20000000-0000-4000-a000-000000000006'::uuid,
   NULL, 10400, 4.15, 11, false,
   NOW() - INTERVAL '70 days', NOW() - INTERVAL '90 days', NOW()),
  ('f000000c-0000-4000-8000-00000000000c'::uuid,
   '9782372510128',
   'APC Terminale CD : cours & exercices',
   'Manuel APC (Tle CD) — sujets type, corrigés et astuces de résolution.',
   9.00, 'fr', 'EBOOK', 'PUBLISHED',
   '20000000-0000-4000-a000-000000000006'::uuid,
   NULL, 9900, 4.10, 10, false,
   NOW() - INTERVAL '68 days', NOW() - INTERVAL '90 days', NOW());

INSERT INTO catalog_book_categories (book_id, category_id) VALUES
  ('f0000001-0000-4000-8000-000000000001'::uuid, 'e0000001-0000-4000-8000-000000000001'::uuid),
  ('f0000002-0000-4000-8000-000000000002'::uuid, 'e0000002-0000-4000-8000-000000000002'::uuid),
  ('f0000003-0000-4000-8000-000000000003'::uuid, 'e0000002-0000-4000-8000-000000000002'::uuid),
  ('f0000004-0000-4000-8000-000000000004'::uuid, 'e0000002-0000-4000-8000-000000000002'::uuid),
  ('f0000005-0000-4000-8000-000000000005'::uuid, 'e0000005-0000-4000-8000-000000000005'::uuid),
  ('f0000006-0000-4000-8000-000000000006'::uuid, 'e0000005-0000-4000-8000-000000000005'::uuid),
  ('f0000007-0000-4000-8000-000000000007'::uuid, 'e0000005-0000-4000-8000-000000000005'::uuid),
  ('f0000008-0000-4000-8000-000000000008'::uuid, 'e0000005-0000-4000-8000-000000000005'::uuid),
  ('f0000009-0000-4000-8000-000000000009'::uuid, 'e0000005-0000-4000-8000-000000000005'::uuid),
  ('f000000a-0000-4000-8000-00000000000a'::uuid, 'e0000005-0000-4000-8000-000000000005'::uuid),
  ('f000000b-0000-4000-8000-00000000000b'::uuid, 'e0000005-0000-4000-8000-000000000005'::uuid),
  ('f000000c-0000-4000-8000-00000000000c'::uuid, 'e0000005-0000-4000-8000-000000000005'::uuid);
